,0
job256,2050
job484,2050
job989,2050
job395,2050
job85,2048
job677,2050
job418,2050
job431,2050
job878,2050
job872,2050
job994,2050
job98,2042
job216,2050
job945,2044
job895,2042
job867,2039
job702,2050
job425,2050
job522,2044
job212,2050
job49,2050
job655,2038
job877,2050
job278,2039
job980,2050
job629,2049
job137,2050
job250,2050
job772,2050
job1,2050
job838,2042
job470,2050
job753,2050
job407,2050
job654,2036
job350,2041
job682,2042
job886,2034
job650,2050
job338,2050
job13,2050
job653,2050
job793,2050
job150,2050
job570,2050
job820,2046
job869,2050
job621,2050
job120,2050
job140,2050
job301,2050
job258,2050
job542,2018
job74,2050
job148,2050
job204,2050
job987,2050
job34,2024
job757,2050
job139,2043
job581,2050
job899,2050
job94,2044
job118,2050
job983,2038
job975,2050
job861,2050
job176,2050
job913,2050
job855,2050
job368,2050
job982,2050
job270,2050
job107,2050
job533,2050
job446,2050
job11,2050
job548,2050
job119,2050
job723,2050
job587,2050
job917,2050
job5,2050
job412,2050
job708,2050
job536,2050
job550,2044
job52,2050
job297,2050
job274,2050
job978,2050
job127,2045
job593,2050
job610,2050
job526,2050
job876,2050
job921,2050
job180,2050
job342,2050
job198,2050
job632,2050
job608,2050
job409,2050
job461,2050
job230,2050
job805,2050
job282,2050
job245,2025
job849,2050
job625,2050
job599,2050
job814,2048
job272,2050
job583,2048
job432,2028
job114,2035
job751,2050
job248,2050
job611,2050
job719,2050
job907,2046
job775,2035
job681,2050
job178,2050
job971,2050
job254,2050
job698,2043
job89,2050
job811,2050
job217,2050
job557,2037
job596,2050
job711,2050
job773,2048
job423,2050
job433,2032
job47,2050
job211,2042
job64,2050
job286,2044
job152,2050
job298,2050
job954,2049
job870,2050
job487,2036
job131,2050
job782,2050
job534,2042
job386,2050
job396,2050
job961,2050
job476,2050
job104,2050
job214,2050
job136,2048
job513,2043
job45,2050
job969,2050
job491,2050
job411,2050
job732,2050
job41,2050
job28,2050
job577,2050
job4,2050
job590,2050
job644,2050
job249,2050
job564,2050
job19,2018
job255,2050
job153,2045
job402,2050
job942,2050
job55,2050
job788,2050
job280,2050
job14,2050
job457,2050
job199,2050
job321,2050
job68,2050
job151,2050
job480,2026
job863,2047
job797,2050
job100,2049
job481,2043
job712,2040
job669,2050
job317,2050
job912,2041
job628,2039
job789,2045
job323,2049
job846,2050
job399,2050
job829,2050
job840,2050
job932,2050
job177,2050
job538,2050
job32,2050
job718,2035
job291,2050
job952,2050
job642,2050
job165,2050
job926,2050
job193,2050
job189,2035
job944,2050
job444,2050
job914,2050
job129,2050
job707,2050
job279,2050
job65,2050
job69,2025
job678,2050
job630,2050
job904,2035
job777,2050
job951,2050
job679,2050
job315,2039
job343,2050
job918,2050
job874,2050
job50,2050
job174,2050
job970,2018
job6,2029
job800,2028
job200,2026
job235,2050
job318,2026
job377,2050
job265,2050
job690,2050
job997,2030
job239,2019
job929,2039
job419,2036
job259,2050
job378,2050
job36,2050
job803,2050
job671,2035
job336,2050
job836,2050
job109,2050
job295,2050
job54,2028
job920,2043
job511,2038
job512,2050
job130,2050
job724,2050
job168,2027
job537,2050
job501,2050
job207,2050
job226,2050
job479,2050
job624,2050
job652,2050
job660,2050
job520,2050
job716,2030
job847,2050
job781,2050
job167,2034
job941,2050
job106,2020
job668,2045
job469,2050
job288,2050
job816,2032
job332,2050
job547,2050
job422,2050
job701,2050
job331,2050
job56,2050
job35,2050
job334,2036
job341,2050
job673,2050
job812,2050
job311,2050
job815,2042
job157,2050
job555,2050
job585,2050
job181,2050
job842,2050
job263,2046
job81,2032
job972,2048
job77,2050
job566,2050
job614,2050
job835,2050
job896,2050
job784,2039
job911,2050
job697,2050
job968,2050
job873,2033
job351,2047
job866,2039
job865,2018
job833,2031
job403,2050
job770,2042
job591,2050
job936,2050
job242,2050
job316,2050
job598,2050
job285,2041
job229,2050
job110,2039
job143,2050
job765,2050
job260,2050
job705,2050
job615,2046
job735,2026
job973,2050
job791,2033
job103,2050
job289,2050
job452,2041
job62,2035
job928,2037
job44,2044
job218,2050
job854,2050
job191,2050
job769,2050
job658,2041
job410,2050
job955,2045
job420,2050
job733,2050
job347,2050
job215,2050
job468,2050
job531,2050
job892,2050
job684,2033
job241,2050
job592,2050
job459,2047
job236,2050
job853,2050
job779,2050
job369,2050
job670,2035
job635,2050
job662,2043
job162,2050
job957,2050
job379,2050
job713,2050
job146,2040
job999,2050
job330,2050
job573,2042
job953,2050
job822,2050
job965,2050
job888,2050
job676,2050
job164,2050
job450,2050
job843,2037
job731,2050
job561,2050
job595,2037
job96,2036
job762,2050
job692,2050
job29,2050
job427,2050
job126,2050
job281,2050
job219,2050
job683,2036
job48,2035
job0,2050
job626,2041
job889,2050
job320,2031
job184,2050
job580,2050
job845,2050
job506,2050
job408,2039
job475,2050
job778,2048
job851,2050
job620,2043
job244,2050
job560,2050
job575,2045
job940,2050
job901,2050
job381,2050
job70,2037
job647,2050
job326,2050
job715,2050
job609,2050
job636,2050
job900,2038
job373,2050
job850,2050
job844,2050
job643,2035
job383,2050
job894,2050
job82,2050
job451,2050
job434,2050
job78,2042
job798,2019
job831,2050
job222,2050
job170,2050
job158,2050
job227,2050
job633,2050
job344,2050
job841,2050
job406,2050
job502,2050
job349,2037
job884,2050
job721,2050
job600,2050
job809,2050
job310,2050
job930,2047
job519,2050
job268,2050
job267,2050
job766,2034
job325,2034
job474,2050
job527,2050
job493,2050
job988,2050
job183,2050
job880,2050
job319,2039
job482,2050
job460,2050
job154,2049
job203,2050
job111,2050
job875,2050
job839,2050
job305,2050
job906,2050
job792,2050
job231,2040
job384,2029
job93,2039
job125,2047
job656,2049
job601,2050
job862,2036
job827,2050
job739,2049
job71,2050
job314,2050
job467,2050
job617,2050
job634,2050
job665,2050
job813,2050
job967,2043
job88,2019
job134,2033
job80,2050
job206,2050
job12,2050
job252,2050
job883,2050
job795,2050
job852,2050
job738,2050
job554,2050
job728,2042
job755,2050
job503,2050
job764,2050
job116,2033
job986,2050
job60,2038
job257,2050
job553,2032
job313,2050
job695,2041
job605,2050
job885,2027
job998,2036
job367,2050
job767,2050
job462,2050
job121,2050
job393,2050
job414,2050
job424,2050
job290,2018
job745,2050
job132,2050
job61,2036
job802,2050
job637,2050
job447,2050
job934,2050
job401,2050
job568,2028
job20,2050
job768,2050
job42,2050
job358,2050
job266,2050
job192,2050
job966,2050
job787,2050
job58,2050
job345,2050
job441,2050
job308,2041
job737,2050
job882,2050
job703,2034
job185,2050
job514,2049
job979,2050
job631,2050
job483,2050
job448,2050
job388,2047
job426,2050
job890,2050
job453,2050
job223,2050
job115,2050
job421,2050
job337,2050
job759,2050
job366,2050
job387,2050
job727,2050
job196,2038
job390,2050
job271,2025
job209,2050
job530,2038
job262,2050
job155,2039
job147,2050
job949,2050
job149,2035
job603,2042
job284,2050
job760,2050
job725,2047
job327,2050
job472,2050
job856,2050
job915,2050
job201,2050
job993,2050
job160,2050
job333,2029
job958,2050
job498,2050
job622,2043
job364,2050
job86,2050
job645,2050
job442,2050
job909,2050
job67,2050
job171,2039
job16,2050
job640,2050
job269,2039
job477,2050
job868,2050
job2,2028
job806,2050
job931,2050
job172,2035
job730,2050
job923,2050
job933,2050
job429,2050
job597,2050
job675,2050
job794,2040
job416,2050
job59,2048
job902,2050
job3,2050
job589,2050
job964,2050
job353,2050
job428,2050
job417,2050
job234,2050
job359,2050
job246,2050
job984,2050
job774,2050
job360,2050
job571,2050
job224,2044
job947,2050
job938,2050
job761,2050
job348,2019
job108,2050
job23,2042
job455,2050
job578,2050
job623,2050
job517,2045
job524,2050
job202,2050
job602,2050
job819,2029
job275,2050
job586,2050
job190,2050
job529,2020
job79,2050
job562,2050
job935,2050
job891,2050
job463,2050
job430,2050
job832,2050
job937,2034
job90,2050
job646,2050
job699,2043
job112,2050
job754,2050
job763,2050
job123,2050
job518,2050
job300,2050
job706,2050
job404,2039
job138,2050
job864,2050
job496,2050
job141,2050
job182,2050
job296,2050
job939,2050
job437,2050
job616,2050
job790,2050
job46,2050
job187,2039
job26,2050
job436,2034
job75,2050
job948,2043
job576,2050
job893,2050
job339,2050
job497,2050
job205,2050
job756,2050
job826,2050
job40,2050
job976,2048
job128,2050
job758,2034
job687,2050
job464,2050
job142,2031
job273,2050
job445,2020
job335,2040
job807,2050
job144,2050
job607,2050
job113,2050
job33,2039
job376,2050
job749,2030
job492,2050
job488,2050
job471,2050
job796,2050
job363,2050
job567,2050
job346,2047
job380,2050
job73,2050
job618,2050
job304,2049
job963,2050
job440,2050
job919,2050
job859,2050
job328,2041
job808,2050
job25,2050
job549,2037
job435,2049
job225,2050
job84,2050
job544,2050
job717,2050
job122,2050
job648,2050
job340,2050
job962,2050
job663,2050
job322,2050
job686,2050
job688,2050
job306,2050
job924,2050
job726,2039
job392,2050
job916,2050
job166,2050
job374,2040
job736,2050
job355,2050
job228,2050
job704,2041
job9,2050
job977,2050
job133,2050
job744,2038
job449,2050
job638,2050
job443,2050
job908,2050
job743,2027
job950,2050
job897,2050
job507,2050
job747,2050
job780,2050
job465,2050
job135,2050
job783,2050
job541,2050
job672,2049
job508,2050
job117,2050
job922,2050
job365,2050
job233,2043
job22,2050
job394,2050
job238,2050
job277,2050
job145,2050
job516,2043
job540,2050
job357,2050
job156,2044
job30,2033
job302,2050
job741,2050
job659,2050
job490,2050
job905,2050
job674,2050
job992,2050
job804,2042
job828,2045
job261,2050
job748,2047
job746,2050
job818,2050
job57,2050
job742,2050
job825,2042
job821,2050
job627,2050
job439,2036
job37,2050
job213,2050
job17,2050
job613,2050
job466,2050
job604,2029
job649,2050
job312,2050
job834,2050
job264,2050
job66,2045
job124,2050
job415,2050
job195,2047
job823,2043
job558,2028
job584,2050
job879,2050
job220,2050
job391,2050
job525,2050
job456,2050
job860,2050
job991,2050
job532,2050
job664,2050
job276,2037
job546,2050
job539,2050
job720,2050
job990,2050
job43,2050
job523,2050
job159,2037
job232,2050
job572,2031
job509,2050
job887,2050
job740,2038
job858,2050
job473,2050
job293,2050
job881,2050
job504,2050
job959,2050
job72,2050
job163,2050
job830,2050
job21,2050
job495,2050
job750,2040
job361,2050
job486,2050
job925,2035
job307,2050
job974,2050
job15,2044
job960,2042
job680,2035
job287,2050
job10,2050
job612,2047
job535,2036
job398,2050
job175,2050
job528,2050
job661,2050
job173,2050
job478,2045
job981,2050
job18,2050
job375,2047
job221,2050
job817,2050
job752,2050
job292,2050
job371,2050
job582,2050
job606,2050
job356,2050
job8,2033
job499,2050
job38,2045
job179,2050
job253,2050
job801,2036
job563,2045
job786,2050
job251,2028
job685,2050
job405,2050
job714,2050
job837,2050
job996,2041
job397,2050
job689,2050
job943,2041
job91,2029
job87,2050
job237,2030
job27,2050
job362,2033
job588,2050
job324,2050
job985,2050
job194,2044
job871,2050
job83,2050
job734,2026
job7,2027
job810,2035
job910,2050
job722,2050
job657,2050
job97,2050
job283,2050
job197,2050
job569,2040
job31,2050
job946,2050
job898,2038
job169,2036
job574,2042
job903,2050
job101,2050
job710,2050
job857,2050
job776,2050
job691,2050
job494,2050
job545,2042
job51,2049
job24,2050
job956,2050
job161,2050
job799,2047
job709,2050
job927,2050
job505,2050
job454,2043
job551,2050
job370,2050
job552,2050
job76,2050
job400,2049
job785,2050
job188,2050
job63,2031
job458,2050
job385,2047
job510,2050
job700,2050
job354,2050
job240,2050
job247,2050
job694,2050
job389,2050
job210,2031
job303,2050
job382,2050
job771,2050
job594,2050
job521,2049
job693,2050
job667,2050
job309,2048
job995,2045
job99,2025
job500,2050
job372,2050
job208,2050
job489,2050
job556,2050
job243,2050
job559,2050
job352,2050
job666,2050
job515,2025
job102,2050
job848,2050
job619,2035
job641,2042
job824,2050
job299,2036
job651,2025
job413,2050
job39,2036
job105,2050
job329,2026
job639,2050
job53,2050
job294,2050
job579,2028
job95,2032
job729,2037
job186,2050
job565,2050
job696,2050
job92,2050
job543,2043
job485,2032
job438,2050
